Rank,Min Steps,Average Steps,Max Steps,Min Time,Average Time,Max Time,Count
57,233,233.0,233,3.097,3.097,3.097,1
60,79,155.33333333333334,210,1.7670000000000001,2.491,3.04,3
63,28,77.33333333333333,154,1.54,2.0616666666666665,2.571,6
66,8,8407.166666666666,100279,0.522,1.6205833333333335,5.772,12
69,4,6264.25,100085,0.281,0.844375,4.417,16
