Rank,Min Steps,Average Steps,Max Steps,Min Time,Average Time,Max Time,Count
60,25003,36448.666666666664,56929,78.663,130.09866666666667,171.784,6
63,10656,30078.545454545456,54961,37.493,122.62331818181816,174.822,22
66,2738,19050.75,36609,12.896,91.0158409090909,175.299,44
69,491,10394.728813559323,30464,3.08,56.642813559322036,170.728,59
