Rank,Min Steps,Average Steps,Max Steps,Min Time,Average Time,Max Time,Count
108,2290992,3076183.5,3861375,5043.918,6453.941,7863.964,2
111,778449,2726887.0,5352013,1911.863,6794.412923076924,10769.153,13
114,337716,1642933.7,3995745,888.13,4758.5323499999995,10250.11,20
117,190042,1339040.3333333333,3345147,363.723,4282.499625,11051.991,24
120,111424,990543.8275862068,2617428,196.385,3338.76024137931,9921.394,29
123,37411,527589.84375,2562098,29.03,1818.3104062500004,9911.135,32
126,21868,190439.1875,786048,9.53,615.3999375,2994.541,32
129,463,10771.90625,56798,3.322,10.82915625,75.22500000000001,32
132,9,52.34375,157,0.48,1.157,2.379,32
