Rank,Min Steps,Average Steps,Max Steps,Min Time,Average Time,Max Time,Count
123,60049,68728.5,77408,20.388,24.576,28.764,2
126,49601,58140.166666666664,76392,13.649000000000001,18.260166666666667,24.496000000000002,6
129,1357,10606.75,35191,1.493,3.6,8.915000000000001,16
132,11,52.8125,128,0.246,0.543125,1.073,16
