Rank,Min Steps,Average Steps,Max Steps,Min Time,Average Time,Max Time,Count
9,12,18.8125,34,0.0,0.19528125000000002,1.823,32
12,8,8.0,8,0.0,0.13987500000000003,1.823,32
15,6,6.0,6,0.0,0.08284374999999998,1.613,32
18,4,4.0,4,0.0,0.050624999999999996,1.613,32
21,2,2.0,2,0.0,2.1875E-4,0.002,32
